<?xml version="1.0" encoding="UTF-8"?>
<flow xmlns="http://www.springframework.org/schema/webflow"
      xmlns:xsi="http://www.w3.org/2001/XMLSchema-instance"
      xsi:schemaLocation="http://www.springframework.org/schema/webflow
                          http://www.springframework.org/schema/webflow/spring-webflow-2.0.xsd">

    <var name="flowHandler" class="org.jahia.modules.external.admin.mount.MountPointsManagementFlowHandler"/>

    <on-start>
        <evaluate expression="flowHandler.init(flowRequestContext,messageContext)" />
    </on-start>


    <view-state id="index">
        <on-entry>
            <evaluate expression="flowHandler.mountPointManagerModel" result="flowScope.mountPointManager"/>
        </on-entry>
        <transition on="doAction" to="doAction"/>
    </view-state>

    <action-state id="doAction">
        <evaluate expression="flowHandler.doAction(requestParameters.name, requestParameters.action, messageContext)"/>
        <transition to="index"/>
    </action-state>
</flow>
