<?xml version="1.0" encoding="UTF-8"?>
<flow xmlns="http://www.springframework.org/schema/webflow"
      xmlns:xsi="http://www.w3.org/2001/XMLSchema-instance"
      xsi:schemaLocation="http://www.springframework.org/schema/webflow
                          http://www.springframework.org/schema/webflow/spring-webflow-2.0.xsd">

    <var name="externalProvidersHandler" class="org.jahia.modules.external.admin.ExternalProviderAdminFlow"/>

    <view-state id="view" >
        <on-render>
            <evaluate expression="externalProvidersHandler.mountedProviders" result="requestScope.mountedProviders"/>
        </on-render>

        <transition on="viewDataSource" to="viewDataSource"/>
    </view-state>

    <view-state id="viewDataSource" >
        <on-entry>
            <evaluate expression="externalProvidersHandler.getDatasourceInfo(requestParameters.mountpoint)" result="flowScope.datasourceInfo"/>
        </on-entry>

        <transition on="back" to="view"/>

    </view-state>
</flow>
