<?xml version="1.0" encoding="UTF-8"?>

<beans xmlns="http://www.springframework.org/schema/beans"
       xmlns:xsi="http://www.w3.org/2001/XMLSchema-instance"
       xmlns:mvc="http://www.springframework.org/schema/mvc"
       xsi:schemaLocation="http://www.springframework.org/schema/beans
       http://www.springframework.org/schema/beans/spring-beans-3.0.xsd
       http://www.springframework.org/schema/mvc
       http://www.springframework.org/schema/mvc/spring-mvc-3.0.xsd">

    <mvc:annotation-driven conversion-service="springTypeConversionService"/>

    <bean id="messageSource" class="org.jahia.utils.i18n.ModuleMessageSource"/>

    <bean id="vfsProviderFactory" class="org.jahia.modules.external.vfs.VFSProviderFactory"/>

    <bean
        class="org.jahia.services.content.decorator.validation.JCRNodeValidatorDefinition">
        <property name="validators">
            <map>
                <entry key="jnt:vfsMountPoint"
                    value="org.jahia.modules.external.vfs.MountPointAvailabilityValidator" />
            </map>
        </property>
    </bean>
</beans>