<?xml version="1.0" encoding="UTF-8"?>

<beans xmlns="http://www.springframework.org/schema/beans"
    xmlns:xsi="http://www.w3.org/2001/XMLSchema-instance"
    xmlns:osgi="http://www.eclipse.org/gemini/blueprint/schema/blueprint"
    xsi:schemaLocation="http://www.springframework.org/schema/beans http://www.springframework.org/schema/beans/spring-beans-3.0.xsd
                        http://www.eclipse.org/gemini/blueprint/schema/blueprint http://www.eclipse.org/gemini/blueprint/schema/blueprint/gemini-blueprint.xsd">

    <bean id="ProviderInitializerService" class="org.jahia.modules.external.id.ExternalProviderInitializerServiceImpl">
        <property name="hibernateSessionFactory" ref="moduleSessionFactory"/>
        <property name="cacheProvider" ref="ehCacheProvider"/>
        <property name="extensionProvider" ref="DefaulJCRStoreProvider"/>
        <property name="overridableItemsForLocks">
            <list>
                <value>jmix:lockable.j:locktoken</value>
                <value>jmix:lockable.j:lockTypes</value>
                <value>mix:lockable.jcr:lockIsDeep</value>
                <value>mix:lockable.jcr:lockOwner</value>
            </list>
        </property>
        <property name="overridableItemsForACLs">
            <list>
                <value>jmix:accessControlled.j:acl</value>
                <value>jnt:acl.*</value>
                <value>jnt:ace.*</value>
            </list>
        </property>
    </bean>

    <osgi:service id="ExternalProviderInitializerService" ref="ProviderInitializerService" interface="org.jahia.modules.external.ExternalProviderInitializerService"/>

    <bean id="ExternalStoreProviderPrototype" class="org.jahia.modules.external.ExternalContentStoreProvider"
          parent="AbstractJCRStoreProviderPrototype" scope="prototype">
        <property name="externalProviderInitializerService" ref="ProviderInitializerService"/>
    </bean>

    <bean class="org.jahia.modules.external.cache.ExternalReferenceCacheKeyPartGenerator"/>

    <bean id="eventApiConfig" class="org.jahia.modules.external.events.rest.EventApiConfig"/>
    <osgi:service interface="org.osgi.service.cm.ManagedService" ref="eventApiConfig">
        <osgi:service-properties>
            <entry key="service.pid" value="org.jahia.modules.api.external_provider.event"/>
            <entry key="service.description" value="External Provider Events API configuration service"/>
            <entry key="service.vendor" value="Jahia Solutions Group SA"/>
        </osgi:service-properties>
    </osgi:service>

    <bean id="springBeansAccess" class="org.jahia.modules.external.events.rest.SpringBeansAccess"
          factory-method="getInstance">
        <property name="eventApiConfig" ref="eventApiConfig"/>
    </bean>

    <bean id="eventService" class="org.jahia.modules.external.events.EventServiceImpl"/>

    <osgi:service id="EventServiceOsgi" ref="eventService" interface="org.jahia.modules.external.events.EventService"/>

</beans>